sample	total	dup	mapped	X-intercept	JS Distance	% genome enriched	CHANCE divergence
SRR1914878	90414154	10799797	87964613		0.03705104045387075	NA	NA	NA
SRR1914879	96456086	11404119	93485574		0.03691100628553367	0.004571841472527665	41.309079415377354	0.047688338660168084
SRR1914880	91316261	10286914	87821547		0.037541160043050505	0.010497660122654953	41.9494356623016	0.052830524604729916
SRR1914881	96953329	15468352	93673731		0.04138609820796274	0.028644874611846793	39.222570307154946	0.06991426338647401
SRR1914882	93289582	14656117	90420874		0.04011778874045267	0.0216435281111239	40.15519786827986	0.06562027114663402
SRR1914883	96767833	12175019	93748871		0.04099400253661894	0.020513298068485956	42.59339278784023	0.06472652171537904
