sample	total	dup	mapped	X-intercept	JS Distance	% genome enriched	CHANCE divergence
SRR10356997	28839666	4906232	28143609		0.023225228571116474	0.018203356605879753	42.19231651501415	0.13659826229315303
SRR10356998	30929676	7729064	30160923		0.024435535844975806	0.02272409587360865	41.57951653249151	0.1417911436881485
SRR10356999	29765678	3466678	29137407		0.017328803783848733	NA	NA	NA
SRR10357000	30604045	5769876	29828515		0.018805640818377444	0.005679841732633351	43.54550121795362	0.12040622344829104
SRR10357001	24436337	4781797	23773454		0.03492413732836685	0.03062332005344085	42.55890416944302	0.1539635486581156
SRR10357002	30266132	7485012	29434152		0.024195222126339476	0.02022886667836463	41.56247610517002	0.13805093747803218
SRR10357003	31097356	5572365	30380880		0.017756999137055283	0.002755796341035189	43.47755797568462	0.11773544232094316
SRR10357004	30868793	9427532	30101184		0.02548854686663681	0.014920793086191758	44.90764306858772	0.136377528018958
