sample	total	dup	mapped	X-intercept	JS Distance	% genome enriched	CHANCE divergence
SRR1930028	22492504	4099753	21856427		0.06563582201824951	0.020564177238655026	44.22575617836586	0.18695906936779524
SRR1930029	15765738	1736866	15028978		0.07937397093922365	NA	NA	NA
SRR1930030	54383677	10845736	52633993		0.04068028544620476	0.062159349549273143	45.68119572110778	0.13009735072628847
SRR1930031	13212224	1559134	12783470		0.10520977335155217	0.022893266786273035	41.23565316725651	0.21652140186622842
